{"cameraMode":{"drawMode":0,"name":"Shaded","section":"Shading Mode"},"sceneLighting":true,"audioPlay":false,"sceneViewState":{"showFog":true,"showMaterialUpdate":false,"showSkybox":true,"showFlares":true,"showImageEffects":true,"showParticleSystems":true},"in2DMode":false,"pivot":{"x":1.2858104705810547,"y":24.076635360717775,"z":43.23506164550781},"rotation":{"x":0.29475489258766177,"y":0.2797565162181854,"z":-0.0906943678855896,"w":0.9092006087303162},"size":16.700510025024415,"orthographic":false}